
[
	{
		"categoryID" : 2,
		"description" : "Sweet and savory sauces relishes spreads and seasonings",
		"name" : "Condiments"
	},
	{
		"categoryID" : 1,
		"description" : "Soft drinks coffees teas beers and ales",
		"name" : "Beverages"
	},
	{
		"categoryID" : 3,
		"description" : "Desserts candies and sweet breads",
		"name" : "Confections"
	},
	{
		"categoryID" : 4,
		"description" : "Cheeses",
		"name" : "Dairy Products"
	},
	{
		"categoryID" : 5,
		"description" : "Breads crackers pasta and cereal",
		"name" : "Grains/Cereals"
	},
	{
		"categoryID" : 6,
		"description" : "Prepared meats",
		"name" : "Meat/Poultry"
	},
	{
		"categoryID" : 7,
		"description" : "Dried fruit and bean curd",
		"name" : "Produce"
	},
	{
		"categoryID" : 8,
		"description" : "Seaweed and fish",
		"name" : "Seafood"
	}
]
